product_id,category,product_name,selling_price,cost_price,stock
1,Accessoires,Product_0,25.24,87.47,487
2,Clothing,Product_1,109.66,81.56,309
3,Accessoires,Product_2,87.98,80.05,437
4,Accessoires,Product_3,196.65,33.94,64
5,Clothing,Product_4,31.29,12.69,355
6,Clothing,Product_5,85.59,43.28,20
7,Accessoires,Product_6,194.2,21.48,251
8,Shoes,Product_7,174.45,71.02,234
9,Accessoires,Product_8,165.24,37.88,226
10,Accessoires,Product_9,59,97.68,12
11,Accessoires,Product_10,42.47,65.89,312
12,Accessoires,Product_11,137.04,83.14,48
13,Clothing,Product_12,186.58,17.59,117
14,Accessoires,Product_13,115.78,86.89,53
15,Shoes,Product_14,118.61,92.66,137
16,Clothing,Product_15,63.2,51.27,52
17,Shoes,Product_16,156.2,62.59,43
18,Shoes,Product_17,45.54,77.66,302
19,Shoes,Product_18,71.5,21.61,52
20,Shoes,Product_19,90.83,52.74,73
21,Clothing,Product_20,106.45,42.87,45
22,Clothing,Product_21,56.06,18.91,12
23,Shoes,Product_22,31.82,39.92,164
24,Shoes,Product_23,126.02,11.48,101
25,Clothing,Product_24,64.84,7.45,279
26,Clothing,Product_25,120.44,17.84,257
27,Clothing,Product_26,39.33,96.5,469
28,Accessoires,Product_27,101.42,57.21,336
29,Accessoires,Product_28,111.19,96.75,355
30,Accessoires,Product_29,19.85,46.09,397
31,Shoes,Product_30,73.95,34.62,137
32,Accessoires,Product_31,35.54,53.08,162
33,Shoes,Product_32,22.04,46.75,408
34,Shoes,Product_33,198.09,15.04,386
35,Accessoires,Product_34,71.25,65.88,110
36,Shoes,Product_35,163.88,25.52,101
37,Accessoires,Product_36,58.38,63.86,16
38,Accessoires,Product_37,139.49,66.77,267
39,Clothing,Product_38,154.44,19.44,181
40,Accessoires,Product_39,123.17,10.83,371
41,Clothing,Product_40,99.6,79.17,23
42,Accessoires,Product_41,88.25,48.68,28
43,Accessoires,Product_42,76.28,10.53,170
44,Clothing,Product_43,186.61,99.51,408
45,Clothing,Product_44,167.82,10.49,227
46,Accessoires,Product_45,193.36,71.03,377
47,Shoes,Product_46,33.62,98.45,187
48,Clothing,Product_47,148.86,27.72,345
49,Shoes,Product_48,188.28,18.51,229
50,Shoes,Product_49,44.43,16.53,320
51,Shoes,Product_50,22.63,33.81,339
52,Clothing,Product_51,150.81,14.6,118
53,Shoes,Product_52,119.15,70.76,155
54,Clothing,Product_53,169.95,10.92,271
55,Shoes,Product_54,36.56,53.4,174
56,Accessoires,Product_55,161.1,99.69,464
57,Accessoires,Product_56,48.31,82.33,103
58,Clothing,Product_57,41.09,63.45,91
59,Accessoires,Product_58,41.21,34.09,185
60,Accessoires,Product_59,164.77,64.27,459
61,Shoes,Product_60,136.39,55.07,282
62,Clothing,Product_61,109.38,45.48,180
63,Shoes,Product_62,78.18,17.42,169
64,Shoes,Product_63,176.67,89.23,186
65,Shoes,Product_64,84.56,47.73,174
66,Shoes,Product_65,165.15,23.49,221
67,Shoes,Product_66,93.44,39.94,232
68,Shoes,Product_67,81.62,44.34,161
69,Shoes,Product_68,97.91,83.62,420
70,Clothing,Product_69,67.26,74.69,133
71,Accessoires,Product_70,152.05,78.08,390
72,Shoes,Product_71,105.52,6.05,479
73,Shoes,Product_72,54.12,44.53,223
74,Shoes,Product_73,180.92,50.73,152
75,Shoes,Product_74,82.94,6.82,32
76,Shoes,Product_75,113.28,29.68,54
77,Shoes,Product_76,182.23,77.23,441
78,Accessoires,Product_77,128.61,18.03,6
79,Accessoires,Product_78,32.21,55.85,243
80,Shoes,Product_79,188.57,25.44,312
81,Accessoires,Product_80,129.26,6.15,125
82,Clothing,Product_81,73.63,27.91,11
83,Shoes,Product_82,36.46,97.71,15
84,Clothing,Product_83,160.86,81.15,207
85,Clothing,Product_84,127.81,96.16,42
86,Shoes,Product_85,111.36,51.35,372
87,Accessoires,Product_86,179.84,15.42,483
88,Clothing,Product_87,159.83,57.06,460
89,Shoes,Product_88,38.82,48.17,134
90,Clothing,Product_89,69.23,85.21,227
91,Clothing,Product_90,57.21,14.32,110
92,Clothing,Product_91,151.35,51.38,306
93,Clothing,Product_92,16.37,19.25,456
94,Accessoires,Product_93,118.28,35.84,159
95,Clothing,Product_94,154.87,75.05,330
96,Clothing,Product_95,176.59,50.22,263
97,Clothing,Product_96,75,40.71,224
98,Accessoires,Product_97,166.04,42.48,470
99,Clothing,Product_98,31.02,48.65,216
100,Clothing,Product_99,170.83,79.58,455
101,Accessoires,Product_100,34.22,89.75,44
102,Accessoires,Product_101,85.48,95.76,213
103,Accessoires,Product_102,161.49,79.76,58
104,Clothing,Product_103,38.48,34.96,131
105,Accessoires,Product_104,53.56,70.37,103
106,Accessoires,Product_105,147.23,46.57,194
107,Clothing,Product_106,146.81,29.19,412
108,Accessoires,Product_107,131.82,84.88,488
109,Clothing,Product_108,141.85,8.65,156
110,Shoes,Product_109,113.12,90.67,97
111,Accessoires,Product_110,57.84,48.84,225
112,Shoes,Product_111,75.68,65.53,411
113,Clothing,Product_112,44.5,67.64,204
114,Accessoires,Product_113,182.61,90.04,78
115,Clothing,Product_114,120.84,65.48,123
116,Shoes,Product_115,86.16,63.32,470
117,Clothing,Product_116,97.78,11.33,427
118,Accessoires,Product_117,189.98,54.25,217
119,Accessoires,Product_118,39.14,19.27,3
120,Shoes,Product_119,121.38,75.06,89
121,Clothing,Product_120,106.12,53.66,103
122,Accessoires,Product_121,126.18,69.62,392
123,Shoes,Product_122,13.44,8.96,118
124,Accessoires,Product_123,175.7,13.06,132
125,Accessoires,Product_124,187.1,73.05,311
126,Clothing,Product_125,117.38,11.85,95
127,Accessoires,Product_126,142.36,11.77,467
128,Clothing,Product_127,185.27,6.15,433
129,Accessoires,Product_128,144.38,95.87,330
130,Shoes,Product_129,38.98,75.06,142
131,Accessoires,Product_130,119.49,38.56,287
132,Clothing,Product_131,125.28,33.17,27
133,Clothing,Product_132,90.58,38.22,277
134,Shoes,Product_133,149.92,78.59,232
135,Accessoires,Product_134,187.53,67.83,16
136,Accessoires,Product_135,185.86,22.59,58
137,Shoes,Product_136,95.66,21.54,89
138,Accessoires,Product_137,31.52,14.35,491
139,Accessoires,Product_138,197.12,67.73,198
140,Clothing,Product_139,169.39,77.62,361
141,Accessoires,Product_140,33.69,30.18,440
142,Accessoires,Product_141,184.96,6.99,25
143,Shoes,Product_142,175.28,12.81,24
144,Shoes,Product_143,108.58,96.95,393
145,Clothing,Product_144,122.34,33.07,300
146,Accessoires,Product_145,85.81,78.08,338
147,Accessoires,Product_146,20.4,64.34,266
148,Accessoires,Product_147,73.69,41.28,460
149,Clothing,Product_148,162.54,24.54,180
150,Clothing,Product_149,10.88,16.53,455
151,Shoes,Product_150,73.36,63.43,359
152,Clothing,Product_151,85.65,78.59,67
153,Accessoires,Product_152,112.11,66.17,494
154,Accessoires,Product_153,184.77,55.38,350
155,Clothing,Product_154,75.81,8.99,411
156,Accessoires,Product_155,75.92,97.01,458
157,Accessoires,Product_156,150.13,80.88,490
158,Clothing,Product_157,95.92,32.82,320
159,Clothing,Product_158,52.67,98.1,48
160,Accessoires,Product_159,95.96,62.18,174
161,Accessoires,Product_160,36.76,60.33,51
162,Accessoires,Product_161,43.51,76.07,101
163,Shoes,Product_162,104.69,82.12,215
164,Shoes,Product_163,89.6,67.37,437
165,Shoes,Product_164,183.82,17.17,187
166,Clothing,Product_165,78.85,37.14,56
167,Shoes,Product_166,120.31,93.17,46
168,Clothing,Product_167,130.13,26.34,158
169,Clothing,Product_168,12.49,40.36,488
170,Shoes,Product_169,136.07,46.05,173
171,Shoes,Product_170,43.83,46.74,241
172,Shoes,Product_171,192.6,63.23,281
173,Accessoires,Product_172,38.25,94.59,240
174,Shoes,Product_173,88.78,27.87,369
175,Accessoires,Product_174,26.22,16.54,4
176,Clothing,Product_175,199.41,23.76,83
177,Accessoires,Product_176,105.42,89.26,307
178,Shoes,Product_177,123.12,66.35,360
179,Clothing,Product_178,22.74,32.16,458
180,Clothing,Product_179,152.49,82.51,247
181,Clothing,Product_180,49.88,86.83,53
182,Accessoires,Product_181,180.63,85.42,160
183,Shoes,Product_182,48.98,92.3,433
184,Clothing,Product_183,46.23,28.96,421
185,Clothing,Product_184,16.94,76.73,410
186,Clothing,Product_185,99.69,48.75,225
187,Accessoires,Product_186,117.32,84.99,14
188,Accessoires,Product_187,22.48,74.21,223
189,Shoes,Product_188,157.35,78.76,60
190,Accessoires,Product_189,96.12,67.34,121
191,Clothing,Product_190,109.63,21.86,276
192,Shoes,Product_191,93.74,56.78,45
193,Clothing,Product_192,86.14,98.54,452
194,Clothing,Product_193,116.33,94.05,389
195,Accessoires,Product_194,39.5,9.1,293
196,Shoes,Product_195,44.57,20.66,61
197,Accessoires,Product_196,173.74,17.51,85
198,Accessoires,Product_197,189.76,73.97,445
199,Shoes,Product_198,80.93,82.69,209
200,Clothing,Product_199,61.44,25.28,77
201,Clothing,Product_200,132.36,53.06,201
202,Shoes,Product_201,87.66,84.87,301
203,Clothing,Product_202,14.82,74.62,396
204,Shoes,Product_203,39.67,56.51,222
205,Shoes,Product_204,146.03,61.08,221
206,Accessoires,Product_205,135.2,53.29,2
207,Shoes,Product_206,15.15,33.27,477
208,Accessoires,Product_207,52.17,58.68,5
209,Clothing,Product_208,53.9,70.44,92
210,Clothing,Product_209,137.66,87.97,7
211,Clothing,Product_210,13.75,65.45,427
212,Clothing,Product_211,29.78,77.31,492
213,Accessoires,Product_212,161.98,20.21,234
214,Clothing,Product_213,43.92,48.85,107
215,Shoes,Product_214,134.02,5.89,160
216,Shoes,Product_215,55.25,28.43,208
217,Shoes,Product_216,28.89,74.01,239
218,Accessoires,Product_217,56.2,99.22,330
219,Clothing,Product_218,147.23,14.42,332
220,Clothing,Product_219,172.58,43.14,49
221,Clothing,Product_220,167.74,81.01,10
222,Accessoires,Product_221,85.46,24.38,350
223,Shoes,Product_222,136.94,57.73,155
224,Shoes,Product_223,48.95,74.64,491
225,Clothing,Product_224,65.7,63.52,69
226,Shoes,Product_225,180.3,22.86,168
227,Shoes,Product_226,12.47,38.76,271
228,Accessoires,Product_227,26.25,79.46,67
229,Accessoires,Product_228,49.5,57.65,354
230,Accessoires,Product_229,15.04,5.5,251
231,Accessoires,Product_230,44.47,77.29,47
232,Clothing,Product_231,120.78,8.35,183
233,Accessoires,Product_232,90.07,75.84,319
234,Shoes,Product_233,179.61,24.24,186
235,Clothing,Product_234,165.31,96.02,89
236,Shoes,Product_235,74.95,39.95,445
237,Shoes,Product_236,59.29,36.06,331
238,Shoes,Product_237,82.14,19.14,138
239,Accessoires,Product_238,122.16,34.03,356
240,Accessoires,Product_239,60.93,88.28,88
241,Clothing,Product_240,128.59,99.65,273
242,Clothing,Product_241,87.79,39.99,18
243,Accessoires,Product_242,114.89,47.62,470
244,Shoes,Product_243,92.86,73.6,310
245,Clothing,Product_244,65.95,89.19,357
246,Accessoires,Product_245,190.21,61.34,373
247,Accessoires,Product_246,155.09,42.19,465
248,Accessoires,Product_247,36.62,44.2,153
249,Shoes,Product_248,175.01,71.08,389
250,Accessoires,Product_249,102.61,5.31,259
251,Accessoires,Product_250,179.96,63.86,107
252,Accessoires,Product_251,161.97,38.77,370
253,Accessoires,Product_252,90.79,80.45,284
254,Clothing,Product_253,14.27,13.83,58
255,Clothing,Product_254,61.05,60.88,124
256,Accessoires,Product_255,112.91,50.69,353
257,Shoes,Product_256,130.36,66.02,272
258,Clothing,Product_257,59,11.16,106
259,Accessoires,Product_258,36.48,60.1,298
260,Clothing,Product_259,168.64,58.34,244
261,Clothing,Product_260,197.04,58.26,335
262,Shoes,Product_261,109.88,62.33,449
263,Accessoires,Product_262,42.62,69.26,417
264,Accessoires,Product_263,61.74,81.47,246
265,Shoes,Product_264,13.49,30.63,7
266,Shoes,Product_265,183.72,83.38,140
267,Accessoires,Product_266,32.37,52.33,361
268,Accessoires,Product_267,119.54,12.32,7
269,Shoes,Product_268,62.07,10.56,477
270,Clothing,Product_269,115.29,36.75,351
271,Clothing,Product_270,133.77,79.57,483
272,Shoes,Product_271,167.65,72.23,494
273,Clothing,Product_272,49.22,79.92,93
274,Shoes,Product_273,12.09,54.14,320
275,Clothing,Product_274,36.01,46.82,426
276,Clothing,Product_275,181,19.01,38
277,Accessoires,Product_276,176.04,36.18,80
278,Accessoires,Product_277,123.51,46.23,186
279,Clothing,Product_278,124.1,13.42,83
280,Clothing,Product_279,136.36,25.96,87
281,Accessoires,Product_280,43.32,61.83,241
282,Accessoires,Product_281,183.74,74.89,341
283,Accessoires,Product_282,89.57,99.84,92
284,Shoes,Product_283,82.8,93.65,85
285,Clothing,Product_284,108.59,66.04,43
286,Accessoires,Product_285,18.92,45.02,136
287,Clothing,Product_286,41.59,65.44,420
288,Shoes,Product_287,150.23,79.64,73
289,Shoes,Product_288,25.73,16.24,35
290,Accessoires,Product_289,124.6,43.94,100
291,Shoes,Product_290,56.62,84.78,475
292,Clothing,Product_291,83.97,41.46,155
293,Accessoires,Product_292,64.85,59.33,425
294,Clothing,Product_293,77.58,60.84,254
295,Clothing,Product_294,146.62,22.53,170
296,Shoes,Product_295,66.45,39.41,468
297,Shoes,Product_296,117.62,36.78,215
298,Shoes,Product_297,100.45,7.49,169
299,Shoes,Product_298,136.1,7.3,251
300,Shoes,Product_299,188,84.01,359
301,Accessoires,Product_300,149.19,30.94,321
302,Clothing,Product_301,50.84,54.22,54
303,Clothing,Product_302,15.92,33.38,455
304,Clothing,Product_303,59.83,94.36,431
305,Clothing,Product_304,123.06,29.63,90
306,Shoes,Product_305,19.77,45.82,277
307,Clothing,Product_306,104.31,87.91,100
308,Accessoires,Product_307,123.4,84.98,154
309,Accessoires,Product_308,73.51,22.68,376
310,Clothing,Product_309,156.47,81.25,348
311,Clothing,Product_310,30.25,48.53,450
312,Accessoires,Product_311,24.28,50.88,363
313,Accessoires,Product_312,148.36,17.68,140
314,Shoes,Product_313,104.14,12.66,172
315,Accessoires,Product_314,140.8,74.15,9
316,Shoes,Product_315,92.62,52.16,227
317,Shoes,Product_316,56.82,46.5,264
318,Shoes,Product_317,165.63,74.3,437
319,Shoes,Product_318,161.89,77.72,247
320,Shoes,Product_319,141.99,20.1,246
321,Clothing,Product_320,61.71,62.97,154
322,Accessoires,Product_321,122.14,17.86,33
323,Shoes,Product_322,78.59,76.38,498
324,Accessoires,Product_323,27.4,67.41,128
325,Accessoires,Product_324,184.29,95.88,159
326,Shoes,Product_325,36,11.55,88
327,Clothing,Product_326,190.55,10.42,92
328,Shoes,Product_327,94.74,31.81,326
329,Clothing,Product_328,45.18,29.86,240
330,Accessoires,Product_329,112.96,28.46,322
331,Clothing,Product_330,175.86,91.09,467
332,Clothing,Product_331,149.12,28.71,403
333,Clothing,Product_332,163.25,30.84,116
334,Accessoires,Product_333,135.17,77.14,93
335,Accessoires,Product_334,141.53,47.73,162
336,Clothing,Product_335,171.35,78.79,98
337,Clothing,Product_336,57.44,11.21,112
338,Shoes,Product_337,102.99,51.32,358
339,Clothing,Product_338,52.03,8.19,90
340,Shoes,Product_339,197.66,10.95,345
341,Clothing,Product_340,189.37,91.11,205
342,Shoes,Product_341,17.49,18.23,16
343,Accessoires,Product_342,144.06,55.58,273
344,Clothing,Product_343,185.8,44.05,172
345,Clothing,Product_344,44.31,38,115
346,Clothing,Product_345,117.91,90.48,348
347,Clothing,Product_346,183.94,7.07,467
348,Shoes,Product_347,16.45,68.06,180
349,Clothing,Product_348,142.51,96.52,90
350,Accessoires,Product_349,66.5,58.22,81
351,Accessoires,Product_350,185.64,94,323
352,Clothing,Product_351,194.5,9.96,448
353,Accessoires,Product_352,189.41,44.79,113
354,Clothing,Product_353,100.1,29.71,256
355,Clothing,Product_354,173.79,74.43,57
356,Accessoires,Product_355,170.46,98.22,153
357,Clothing,Product_356,70.63,29.37,364
358,Accessoires,Product_357,167.49,67.15,403
359,Shoes,Product_358,17.03,23.82,115
360,Clothing,Product_359,123.29,58.71,342
361,Shoes,Product_360,53.7,49.07,265
362,Accessoires,Product_361,32.91,97.34,314
363,Shoes,Product_362,24.62,62.81,202
364,Shoes,Product_363,142.29,38.2,40
365,Accessoires,Product_364,74.58,15.84,104
366,Shoes,Product_365,147.71,19.37,388
367,Shoes,Product_366,22.42,26.41,377
368,Accessoires,Product_367,69.91,28.84,192
369,Shoes,Product_368,112.5,85.81,400
370,Accessoires,Product_369,160.24,58.32,277
371,Shoes,Product_370,70.56,54.72,353
372,Accessoires,Product_371,128.92,15.9,236
373,Accessoires,Product_372,178.34,86.71,424
374,Shoes,Product_373,127.01,73.67,220
375,Shoes,Product_374,54.26,11.43,67
376,Shoes,Product_375,14.64,72.24,196
377,Clothing,Product_376,175.32,56.64,255
378,Clothing,Product_377,14.04,12.76,138
379,Clothing,Product_378,176.19,48.54,311
380,Accessoires,Product_379,110.5,51.05,434
381,Shoes,Product_380,188.42,20.75,148
382,Accessoires,Product_381,161.77,94.84,98
383,Clothing,Product_382,199.61,85.75,75
384,Shoes,Product_383,76.64,68.56,281
385,Accessoires,Product_384,155.77,48.92,370
386,Shoes,Product_385,86.37,44.12,402
387,Accessoires,Product_386,101.18,66.84,108
388,Shoes,Product_387,129.23,56.82,187
389,Clothing,Product_388,176,10.92,198
390,Clothing,Product_389,196.98,53.69,302
391,Shoes,Product_390,155.97,81.61,326
392,Accessoires,Product_391,89.38,48.63,153
393,Clothing,Product_392,90.06,9.94,39
394,Clothing,Product_393,150.14,79.7,132
395,Clothing,Product_394,55.37,24.13,404
396,Shoes,Product_395,30.99,29.57,461
397,Shoes,Product_396,77.38,20.65,131
398,Accessoires,Product_397,64.58,36.37,278
399,Accessoires,Product_398,66.3,76.89,361
400,Accessoires,Product_399,54.39,54.34,83
401,Shoes,Product_400,18,24.46,398
402,Shoes,Product_401,13.4,88.39,241
403,Accessoires,Product_402,197.67,88.56,115
404,Accessoires,Product_403,91.28,87.7,108
405,Shoes,Product_404,83.02,27.69,220
406,Accessoires,Product_405,139.13,47.87,391
407,Clothing,Product_406,51.47,98.57,40
408,Shoes,Product_407,190.49,78.34,367
409,Accessoires,Product_408,159.41,7.58,146
410,Shoes,Product_409,26.99,11.19,111
411,Clothing,Product_410,89.34,49.07,102
412,Shoes,Product_411,177.03,91.38,45
413,Shoes,Product_412,189.5,56.18,411
414,Shoes,Product_413,98.81,52.29,493
415,Shoes,Product_414,126.55,15.02,474
416,Clothing,Product_415,41.74,67.39,323
417,Shoes,Product_416,198.32,83.1,377
418,Shoes,Product_417,54.02,41.14,270
419,Accessoires,Product_418,189.12,78.68,482
420,Shoes,Product_419,133.43,96.63,420
421,Accessoires,Product_420,125.47,24.36,384
422,Clothing,Product_421,107.41,54.72,194
423,Clothing,Product_422,53.83,32.28,366
424,Clothing,Product_423,43.54,80.32,279
425,Clothing,Product_424,51.89,59.87,282
426,Accessoires,Product_425,45.42,65.29,39
427,Shoes,Product_426,158.12,80.8,446
428,Clothing,Product_427,76.52,42.62,188
429,Shoes,Product_428,20.99,91.93,163
430,Accessoires,Product_429,194.13,55.64,481
431,Accessoires,Product_430,177.92,20.01,476
432,Accessoires,Product_431,186.27,71.11,23
433,Clothing,Product_432,199.03,80.36,23
434,Shoes,Product_433,43.04,35.09,489
435,Shoes,Product_434,85.29,86.43,3
436,Shoes,Product_435,154.07,91.08,322
437,Accessoires,Product_436,142.24,31.31,289
438,Clothing,Product_437,39.24,98.43,440
439,Accessoires,Product_438,165.01,18.37,432
440,Accessoires,Product_439,52.64,24.19,470
441,Shoes,Product_440,52.53,22.5,180
442,Accessoires,Product_441,112.03,89.93,247
443,Shoes,Product_442,122.66,67.16,115
444,Clothing,Product_443,120.22,19.45,278
445,Shoes,Product_444,27.38,46.83,364
446,Clothing,Product_445,176.72,63.45,68
447,Shoes,Product_446,60.46,12.93,350
448,Accessoires,Product_447,34.61,88.83,253
449,Accessoires,Product_448,178.86,81.34,180
450,Clothing,Product_449,191.57,52.99,317
451,Clothing,Product_450,173.8,96.88,168
452,Clothing,Product_451,163.81,44.69,312
453,Shoes,Product_452,134.5,98.49,248
454,Shoes,Product_453,114.66,68.45,187
455,Clothing,Product_454,26.53,65.29,53
456,Accessoires,Product_455,87.61,20.77,325
457,Shoes,Product_456,80.81,88.78,356
458,Shoes,Product_457,59.35,45.61,312
459,Shoes,Product_458,147.45,20.41,137
460,Clothing,Product_459,104.22,6.2,167
461,Clothing,Product_460,25.4,58.18,390
462,Clothing,Product_461,51.83,55.1,102
463,Clothing,Product_462,139.82,73.34,421
464,Clothing,Product_463,24.46,89.57,84
465,Accessoires,Product_464,171.73,12.54,316
466,Accessoires,Product_465,104.08,74.49,211
467,Clothing,Product_466,101.31,22.8,2
468,Shoes,Product_467,122.56,86.53,383
469,Clothing,Product_468,166.69,82.81,178
470,Accessoires,Product_469,76.08,56.38,341
471,Accessoires,Product_470,138.82,72.47,302
472,Shoes,Product_471,117.49,34.86,451
473,Accessoires,Product_472,60.74,49.76,475
474,Clothing,Product_473,176.94,83.06,331
475,Shoes,Product_474,161.51,48.63,37
476,Clothing,Product_475,135.11,38.99,498
477,Clothing,Product_476,171.61,51.95,419
478,Shoes,Product_477,174.79,83.68,238
479,Clothing,Product_478,144.59,36.84,168
480,Accessoires,Product_479,169.03,21.51,452
481,Clothing,Product_480,142.52,72.64,396
482,Shoes,Product_481,139.23,83.47,342
483,Shoes,Product_482,127.54,14.56,313
484,Shoes,Product_483,153.02,27.79,305
485,Clothing,Product_484,40.13,18.49,29
486,Shoes,Product_485,177.37,38.05,189
487,Shoes,Product_486,175.65,47.78,356
488,Clothing,Product_487,15.56,76.14,24
489,Accessoires,Product_488,166.91,66.86,111
490,Clothing,Product_489,34.49,63.99,410
491,Shoes,Product_490,73.67,38.48,434
492,Shoes,Product_491,151.27,84.94,205
493,Clothing,Product_492,40.54,49.77,184
494,Accessoires,Product_493,165.41,98.01,381
495,Shoes,Product_494,168.11,65.24,495
496,Shoes,Product_495,106.42,17,378
497,Shoes,Product_496,11.21,69.24,46
498,Clothing,Product_497,64.54,35.88,373
499,Shoes,Product_498,127.22,70.2,227
500,Accessoires,Product_499,196.43,11.62,38
501,Shoes,Product_500,130.04,21.61,15
502,Shoes,Product_501,59.36,86.3,21
503,Accessoires,Product_502,130.46,26.58,212
504,Shoes,Product_503,112.6,84.52,309
505,Clothing,Product_504,158.17,31.53,148
506,Clothing,Product_505,30.33,66.07,455
507,Clothing,Product_506,154.6,70.94,240
508,Accessoires,Product_507,112.84,53.7,271
509,Shoes,Product_508,192.97,34,58
510,Clothing,Product_509,74.96,25.2,286
511,Accessoires,Product_510,130.2,8.15,425
512,Shoes,Product_511,187.09,33.87,201
513,Accessoires,Product_512,29.48,67.05,31
514,Clothing,Product_513,188.07,94.14,442
515,Clothing,Product_514,140.7,87.76,161
516,Clothing,Product_515,22.89,77.78,254
517,Accessoires,Product_516,67.18,79.9,253
518,Accessoires,Product_517,144.55,68.17,8
519,Clothing,Product_518,22.8,29.73,464
520,Accessoires,Product_519,120.61,91.18,138
521,Clothing,Product_520,75.72,68.72,479
522,Clothing,Product_521,127.97,58.24,9
523,Shoes,Product_522,18.69,15.54,213
524,Accessoires,Product_523,175.59,47.47,272
525,Clothing,Product_524,194.96,48.73,323
526,Clothing,Product_525,194.09,87.13,47
527,Accessoires,Product_526,152.43,56.93,435
528,Shoes,Product_527,34.72,41.14,110
529,Shoes,Product_528,154.07,97.8,152
530,Clothing,Product_529,14.67,15.52,122
531,Accessoires,Product_530,14.2,45.14,404
532,Shoes,Product_531,71.49,8.99,356
533,Accessoires,Product_532,102.84,75.29,101
534,Accessoires,Product_533,156.38,92.22,240
535,Clothing,Product_534,139.83,31.6,320
536,Shoes,Product_535,94.72,86.54,190
537,Clothing,Product_536,61.99,32.76,216
538,Shoes,Product_537,199.45,91.52,50
539,Shoes,Product_538,90.97,76.63,291
540,Shoes,Product_539,95.76,81.47,80
541,Shoes,Product_540,41.09,6.71,488
542,Shoes,Product_541,161.01,96.47,382
543,Accessoires,Product_542,141.8,74.03,87
544,Clothing,Product_543,51.95,33.95,193
545,Accessoires,Product_544,25.65,83.79,103
546,Shoes,Product_545,139.29,31.74,270
547,Clothing,Product_546,134.36,87.91,95
548,Shoes,Product_547,61.92,15.7,422
549,Clothing,Product_548,190.66,71.85,378
550,Accessoires,Product_549,38.7,56.37,197
551,Clothing,Product_550,92.14,14.17,0
552,Clothing,Product_551,189.29,27.98,494
553,Clothing,Product_552,89.75,6.18,406
554,Clothing,Product_553,131.32,49.53,377
555,Clothing,Product_554,85.54,33.62,166
556,Shoes,Product_555,62.1,61.84,125
557,Clothing,Product_556,196.96,33.24,312
558,Clothing,Product_557,87.77,33.49,80
559,Accessoires,Product_558,179.88,75.6,417
560,Clothing,Product_559,53.69,9.57,250
561,Accessoires,Product_560,50.49,90.78,168
562,Shoes,Product_561,15.92,85.97,476
563,Clothing,Product_562,133.82,68.44,72
564,Accessoires,Product_563,80.02,61.36,140
565,Accessoires,Product_564,174.23,89.77,69
566,Shoes,Product_565,99.91,22.61,261
567,Clothing,Product_566,193.96,12.5,339
568,Clothing,Product_567,45.25,27.75,307
569,Accessoires,Product_568,175.04,80.48,244
570,Clothing,Product_569,157.55,8.29,2
571,Accessoires,Product_570,156.48,60.37,336
572,Clothing,Product_571,170.51,99.57,62
573,Accessoires,Product_572,154.59,86.29,48
574,Clothing,Product_573,128.98,54.54,75
575,Shoes,Product_574,34.94,11.05,367
576,Clothing,Product_575,16.18,83.98,174
577,Clothing,Product_576,184.96,61.9,108
578,Shoes,Product_577,127.16,15.92,182
579,Clothing,Product_578,161.34,13.92,191
580,Shoes,Product_579,101.49,91.41,64
581,Clothing,Product_580,32.29,68.57,336
582,Accessoires,Product_581,33.79,83.78,450
583,Accessoires,Product_582,140.26,88.5,473
584,Clothing,Product_583,91.76,59.32,270
585,Clothing,Product_584,48.1,54.16,99
586,Clothing,Product_585,103.4,45.89,31
587,Accessoires,Product_586,22.2,35.11,351
588,Clothing,Product_587,120.57,46.29,127
589,Accessoires,Product_588,61.11,78.52,451
590,Shoes,Product_589,161.54,62.18,401
591,Accessoires,Product_590,68.97,89.79,368
592,Accessoires,Product_591,96.49,47.12,338
593,Shoes,Product_592,12.21,62.67,42
594,Accessoires,Product_593,23.76,64.97,371
595,Clothing,Product_594,84.57,61.21,418
596,Clothing,Product_595,101.19,71.75,487
597,Accessoires,Product_596,124,27.56,77
598,Clothing,Product_597,65.42,53.67,313
599,Accessoires,Product_598,142.05,14.9,288
600,Clothing,Product_599,173.42,41.53,269
601,Clothing,Product_600,158.17,51.33,161
602,Accessoires,Product_601,17.53,66.96,188
603,Clothing,Product_602,101.3,95.3,246
604,Accessoires,Product_603,29.94,62.06,387
605,Clothing,Product_604,55.99,75.64,215
606,Clothing,Product_605,197.47,53.1,314
607,Shoes,Product_606,37.07,65.24,412
608,Shoes,Product_607,104.79,11.74,338
609,Accessoires,Product_608,127.45,29.17,389
610,Shoes,Product_609,143.47,39.38,376
611,Accessoires,Product_610,116.33,49.89,480
612,Shoes,Product_611,11.86,9.34,432
613,Clothing,Product_612,72.03,18.3,167
614,Accessoires,Product_613,108.37,31.3,338
615,Accessoires,Product_614,26.69,97.3,192
616,Clothing,Product_615,76.62,36.48,452
617,Accessoires,Product_616,16.31,50.79,282
618,Accessoires,Product_617,24.93,23.63,335
619,Shoes,Product_618,85.42,63.02,389
620,Accessoires,Product_619,35.22,31.66,487
621,Clothing,Product_620,117.83,24.66,12
622,Shoes,Product_621,141,54.07,239
623,Shoes,Product_622,162.11,5.52,319
624,Clothing,Product_623,48.03,5.73,445
625,Clothing,Product_624,41.82,25.81,482
626,Shoes,Product_625,29.87,8.49,146
627,Accessoires,Product_626,130.92,15.26,203
628,Shoes,Product_627,144.23,37.19,79
629,Clothing,Product_628,16,81.25,378
630,Shoes,Product_629,187.88,59.34,42
631,Clothing,Product_630,19.87,53.7,457
632,Shoes,Product_631,112.85,32.88,88
633,Accessoires,Product_632,144.72,93.52,147
634,Shoes,Product_633,175.48,42.72,94
635,Shoes,Product_634,145.68,13.27,451
636,Clothing,Product_635,162.33,63.62,427
637,Clothing,Product_636,74.5,15.81,150
638,Clothing,Product_637,164.82,37.8,1
639,Shoes,Product_638,25.22,53.2,375
640,Accessoires,Product_639,180.02,88.05,21
641,Clothing,Product_640,114.04,51.89,370
642,Clothing,Product_641,165.29,71.71,312
643,Shoes,Product_642,95.94,99.32,484
644,Clothing,Product_643,132.28,17.49,327
645,Accessoires,Product_644,110.02,31.1,6
646,Accessoires,Product_645,149,42.48,205
647,Clothing,Product_646,25.51,45.07,439
648,Clothing,Product_647,21.47,44.05,374
649,Shoes,Product_648,56.95,91.22,450
650,Accessoires,Product_649,40.31,72.83,113
651,Accessoires,Product_650,175.64,62.75,271
652,Clothing,Product_651,51.65,34.39,82
653,Shoes,Product_652,195.41,83.26,178
654,Accessoires,Product_653,74.01,95.73,209
655,Accessoires,Product_654,44.6,83.01,499
656,Shoes,Product_655,160.04,5.15,463
657,Shoes,Product_656,135.15,65.46,327
658,Accessoires,Product_657,104.66,9.86,123
659,Accessoires,Product_658,115.52,29.47,480
660,Shoes,Product_659,146.65,10.65,112
661,Accessoires,Product_660,53.41,62.36,11
662,Clothing,Product_661,199.3,70.23,125
663,Clothing,Product_662,195.21,15.88,52
664,Shoes,Product_663,133.56,41.46,330
665,Shoes,Product_664,47.91,48.34,388
666,Shoes,Product_665,139.24,40.06,282
667,Clothing,Product_666,23.72,16.5,139
668,Accessoires,Product_667,15.82,44.8,400
669,Clothing,Product_668,58.96,76.36,389
670,Accessoires,Product_669,97.9,11.75,96
671,Clothing,Product_670,174.97,12.62,4
672,Accessoires,Product_671,148.16,38.7,56
673,Clothing,Product_672,151.11,94.46,411
674,Shoes,Product_673,90.84,68.51,333
675,Clothing,Product_674,75.73,69.47,68
676,Accessoires,Product_675,80.5,39.38,117
677,Clothing,Product_676,197.65,61.4,375
678,Clothing,Product_677,17.62,5.96,58
679,Clothing,Product_678,174.74,65.43,32
680,Shoes,Product_679,119.95,91.76,317
681,Clothing,Product_680,93.34,63.19,49
682,Shoes,Product_681,147.8,88,367
683,Shoes,Product_682,102.47,73.78,488
684,Clothing,Product_683,175.95,16.45,18
685,Clothing,Product_684,181.13,90.73,213
686,Clothing,Product_685,90.13,11.31,196
687,Accessoires,Product_686,62.6,55.73,378
688,Clothing,Product_687,122.55,18.5,449
689,Shoes,Product_688,183.35,6.11,477
690,Clothing,Product_689,50.03,45.09,46
691,Accessoires,Product_690,128.36,33.03,166
692,Clothing,Product_691,130,51.17,451
693,Accessoires,Product_692,149.29,59.83,288
694,Accessoires,Product_693,35,9.16,140
695,Clothing,Product_694,146.01,16.69,83
696,Shoes,Product_695,182.72,58.07,181
697,Accessoires,Product_696,44.14,37.6,390
698,Clothing,Product_697,55.13,74.27,78
699,Clothing,Product_698,194.57,66.97,214
700,Shoes,Product_699,44.39,85.33,13
701,Accessoires,Product_700,172.33,70.79,214
702,Accessoires,Product_701,103.53,45.84,402
703,Clothing,Product_702,56.97,68.93,127
704,Clothing,Product_703,175.44,31.16,309
705,Shoes,Product_704,94.61,34.1,476
706,Shoes,Product_705,107.82,79.95,247
707,Accessoires,Product_706,78.25,47.41,403
708,Accessoires,Product_707,122.66,80.85,28
709,Clothing,Product_708,41.07,83.13,279
710,Accessoires,Product_709,84.31,86.47,337
711,Shoes,Product_710,194.19,92.08,318
712,Shoes,Product_711,59.05,45.94,201
713,Clothing,Product_712,134.78,35.29,360
714,Shoes,Product_713,71.79,60.31,56
715,Shoes,Product_714,156.96,40.26,391
716,Shoes,Product_715,34.87,62.1,217
717,Shoes,Product_716,194.27,72.03,61
718,Clothing,Product_717,96.22,70.4,156
719,Clothing,Product_718,54.85,40.58,201
720,Accessoires,Product_719,23.96,20.85,16
721,Shoes,Product_720,42.25,45.9,321
722,Accessoires,Product_721,108.76,18.55,5
723,Clothing,Product_722,74.03,89.56,57
724,Clothing,Product_723,167.49,37.86,324
725,Clothing,Product_724,91.87,19.67,411
726,Clothing,Product_725,57.26,7.42,317
727,Clothing,Product_726,127.26,66.35,168
728,Clothing,Product_727,144.29,65.51,452
729,Clothing,Product_728,41.74,37.36,81
730,Shoes,Product_729,41.85,11.81,473
731,Accessoires,Product_730,16.97,43.91,467
732,Clothing,Product_731,149.92,34.57,424
733,Shoes,Product_732,136.12,69.33,432
734,Shoes,Product_733,100.18,62.55,218
735,Accessoires,Product_734,170.39,39.64,176
736,Clothing,Product_735,163.08,25.7,203
737,Accessoires,Product_736,121.22,98.86,70
738,Clothing,Product_737,174.97,48.13,386
739,Shoes,Product_738,49.11,70.39,265
740,Shoes,Product_739,31.26,18.35,97
741,Shoes,Product_740,61.25,51.13,344
742,Shoes,Product_741,20.85,7.62,290
743,Accessoires,Product_742,110.92,53.02,207
744,Clothing,Product_743,187.96,96.58,1
745,Clothing,Product_744,17.48,41.5,123
746,Accessoires,Product_745,33.2,8.7,279
747,Clothing,Product_746,95.92,7.94,73
748,Shoes,Product_747,187.44,41.86,165
749,Clothing,Product_748,70.07,20.2,21
750,Shoes,Product_749,106.37,7.22,153
751,Accessoires,Product_750,17.9,76.84,426
752,Clothing,Product_751,38.19,48.56,438
753,Accessoires,Product_752,197.46,32.48,294
754,Clothing,Product_753,193.37,90.51,218
755,Shoes,Product_754,10.94,16.03,156
756,Accessoires,Product_755,190.84,95.81,494
757,Clothing,Product_756,131.43,34.83,229
758,Shoes,Product_757,174.9,89.4,19
759,Accessoires,Product_758,96.4,62.28,474
760,Accessoires,Product_759,107.96,83.54,40
761,Clothing,Product_760,102.88,98.48,437
762,Clothing,Product_761,136.7,32.4,147
763,Clothing,Product_762,36.53,96.31,107
764,Shoes,Product_763,15.69,42,402
765,Clothing,Product_764,68.51,41.62,83
766,Accessoires,Product_765,143.89,37.34,482
767,Accessoires,Product_766,48.35,56.43,366
768,Clothing,Product_767,137.95,19.64,321
769,Clothing,Product_768,194.28,57.6,413
770,Accessoires,Product_769,27.84,56.46,308
771,Shoes,Product_770,137.79,77.38,289
772,Clothing,Product_771,94.31,84.2,405
773,Clothing,Product_772,174.95,46.84,322
774,Accessoires,Product_773,43.66,33.72,133
775,Clothing,Product_774,141.6,29.64,206
776,Shoes,Product_775,169.24,23.49,282
777,Accessoires,Product_776,189.48,10.48,265
778,Clothing,Product_777,139.82,37.53,72
779,Accessoires,Product_778,104.46,30.67,480
780,Clothing,Product_779,127.39,96.81,351
781,Clothing,Product_780,175.09,57.98,47
782,Clothing,Product_781,118.42,37.99,325
783,Shoes,Product_782,15.77,60.14,232
784,Shoes,Product_783,186.88,18.22,442
785,Accessoires,Product_784,141.01,47.18,99
786,Clothing,Product_785,138.54,64.49,58
787,Clothing,Product_786,50.98,51.45,257
788,Shoes,Product_787,135.19,43.17,412
789,Clothing,Product_788,84.83,99.42,451
790,Shoes,Product_789,133.73,88.63,64
791,Clothing,Product_790,30.25,64.22,82
792,Accessoires,Product_791,134.99,59.09,153
793,Clothing,Product_792,199.89,63.96,472
794,Clothing,Product_793,19.16,24.12,265
795,Shoes,Product_794,195.66,42.54,308
796,Clothing,Product_795,87.31,8.75,78
797,Clothing,Product_796,175.44,50.18,314
798,Shoes,Product_797,158.65,56.59,149
799,Accessoires,Product_798,117.73,26.64,434
800,Accessoires,Product_799,150.31,96.58,47
801,Shoes,Product_800,176.92,91.4,404
802,Shoes,Product_801,86.79,73.6,378
803,Shoes,Product_802,72.14,55.67,247
804,Shoes,Product_803,136.84,87.65,277
805,Shoes,Product_804,163.49,17.41,355
806,Accessoires,Product_805,154.83,80.1,97
807,Accessoires,Product_806,161.58,16.86,413
808,Shoes,Product_807,92.76,80.45,24
809,Clothing,Product_808,165.39,31.2,492
810,Shoes,Product_809,32.84,88.32,283
811,Clothing,Product_810,113.45,94.68,448
812,Shoes,Product_811,11.09,19.14,368
813,Shoes,Product_812,71.67,48.95,300
814,Accessoires,Product_813,79.63,98.19,67
815,Clothing,Product_814,85.27,50.92,6
816,Clothing,Product_815,142.14,87.04,304
817,Accessoires,Product_816,83.83,60.93,136
818,Accessoires,Product_817,95.25,40.66,163
819,Accessoires,Product_818,55.13,32.15,82
820,Accessoires,Product_819,80.92,24.31,384
821,Clothing,Product_820,53.18,77.37,137
822,Clothing,Product_821,23.91,41.72,419
823,Shoes,Product_822,124.66,53.57,72
824,Shoes,Product_823,136.96,51.77,236
825,Accessoires,Product_824,127.7,59.84,45
826,Accessoires,Product_825,98.06,87.23,105
827,Accessoires,Product_826,82.16,98.17,415
828,Shoes,Product_827,174.03,43.72,287
829,Shoes,Product_828,108.63,83.61,261
830,Shoes,Product_829,101.04,77.63,175
831,Shoes,Product_830,14.87,59.49,165
832,Shoes,Product_831,74.84,95.82,144
833,Shoes,Product_832,82.24,24.05,329
834,Shoes,Product_833,85.78,15.38,369
835,Accessoires,Product_834,120.23,86.13,282
836,Accessoires,Product_835,111.38,46.72,53
837,Accessoires,Product_836,125.5,85.46,177
838,Accessoires,Product_837,155.33,89.84,418
839,Shoes,Product_838,164.47,10.93,243
840,Clothing,Product_839,146.44,88.93,340
841,Shoes,Product_840,191.55,47.59,126
842,Clothing,Product_841,13.46,53.49,408
843,Accessoires,Product_842,47.2,64.53,411
844,Shoes,Product_843,11.44,93.01,366
845,Accessoires,Product_844,133.02,6.82,270
846,Shoes,Product_845,180.63,50.3,131
847,Accessoires,Product_846,56.26,70.33,92
848,Clothing,Product_847,186.14,73.66,378
849,Clothing,Product_848,21.45,70.79,72
850,Clothing,Product_849,187.54,17.77,410
851,Shoes,Product_850,76.81,33.44,409
852,Clothing,Product_851,29.27,39.08,402
853,Shoes,Product_852,102.32,81.42,247
854,Clothing,Product_853,58.79,31.48,347
855,Clothing,Product_854,64.13,25.02,272
856,Shoes,Product_855,68.39,95.96,42
857,Shoes,Product_856,162.57,5.84,376
858,Clothing,Product_857,112.44,99.79,40
859,Shoes,Product_858,69.15,69.3,169
860,Clothing,Product_859,125.96,83.7,433
861,Shoes,Product_860,146.07,32.99,211
862,Accessoires,Product_861,61.8,6.36,492
863,Accessoires,Product_862,88.57,75.1,167
864,Accessoires,Product_863,33.16,84.24,38
865,Accessoires,Product_864,44.42,75.35,368
866,Accessoires,Product_865,139.41,18.57,244
867,Clothing,Product_866,44.47,76.58,150
868,Accessoires,Product_867,109.78,78.05,110
869,Accessoires,Product_868,144.72,67.56,479
870,Accessoires,Product_869,30.31,77.78,435
871,Accessoires,Product_870,117.79,85.36,46
872,Shoes,Product_871,58.75,63.29,62
873,Clothing,Product_872,192.96,13.42,224
874,Accessoires,Product_873,101.87,51.32,365
875,Accessoires,Product_874,163.14,12.38,68
876,Accessoires,Product_875,114.54,43.72,298
877,Clothing,Product_876,18.25,43.68,431
878,Shoes,Product_877,130.3,11.27,289
879,Clothing,Product_878,190.77,38.14,295
880,Shoes,Product_879,124.31,15.54,202
881,Accessoires,Product_880,165.65,81.78,60
882,Accessoires,Product_881,178,95.03,433
883,Clothing,Product_882,53.34,11.87,450
884,Clothing,Product_883,50.29,95.74,317
885,Shoes,Product_884,126.09,54.64,313
886,Shoes,Product_885,88.1,33.46,160
887,Clothing,Product_886,169.57,12.3,330
888,Shoes,Product_887,181,52.56,15
889,Clothing,Product_888,77.15,80.48,337
890,Shoes,Product_889,55.01,72.17,93
891,Clothing,Product_890,158.3,9.77,303
892,Clothing,Product_891,62.21,11.93,137
893,Clothing,Product_892,166.3,43.27,337
894,Shoes,Product_893,90.51,33.05,37
895,Shoes,Product_894,136.83,27.08,126
896,Shoes,Product_895,28.15,31.7,274
897,Clothing,Product_896,128.53,81.33,163
898,Shoes,Product_897,95.84,93.28,442
899,Shoes,Product_898,121.46,43.48,318
900,Clothing,Product_899,41.92,91.08,76
901,Accessoires,Product_900,150.01,35.54,173
902,Clothing,Product_901,173.93,50.26,386
903,Shoes,Product_902,51.18,26.47,457
904,Clothing,Product_903,28.19,65.85,357
905,Accessoires,Product_904,14.49,98,320
906,Clothing,Product_905,131.97,62.33,375
907,Shoes,Product_906,125.35,38.99,90
908,Accessoires,Product_907,113.87,66.54,237
909,Shoes,Product_908,54.07,16.68,263
910,Accessoires,Product_909,84.27,89.42,178
911,Accessoires,Product_910,122.95,52.79,493
912,Clothing,Product_911,104.39,47.69,489
913,Clothing,Product_912,197.68,60.66,208
914,Shoes,Product_913,35.92,64.35,72
915,Clothing,Product_914,142.08,11.82,389
916,Clothing,Product_915,86.82,69.85,106
917,Accessoires,Product_916,91.36,27.98,344
918,Clothing,Product_917,146.34,72.83,294
919,Accessoires,Product_918,141.56,83.14,368
920,Accessoires,Product_919,198.34,81.38,443
921,Accessoires,Product_920,34.39,57.49,283
922,Shoes,Product_921,29.78,54.42,352
923,Shoes,Product_922,147.62,18.57,181
924,Shoes,Product_923,119.89,78.66,36
925,Accessoires,Product_924,62.09,30.78,136
926,Shoes,Product_925,25.09,52.19,337
927,Shoes,Product_926,26.28,32.01,55
928,Clothing,Product_927,179.9,17.71,186
929,Shoes,Product_928,46.45,64.81,340
930,Shoes,Product_929,71.44,10.16,257
931,Accessoires,Product_930,53.06,76.12,444
932,Accessoires,Product_931,77.45,35.17,57
933,Accessoires,Product_932,23.19,5.01,362
934,Accessoires,Product_933,108.62,53.56,122
935,Accessoires,Product_934,22.85,9.45,187
936,Accessoires,Product_935,162.07,31.24,229
937,Shoes,Product_936,54.41,72.16,167
938,Accessoires,Product_937,112.6,10.96,419
939,Accessoires,Product_938,177.22,84.74,113
940,Clothing,Product_939,133.67,5.36,251
941,Shoes,Product_940,111.26,28.45,106
942,Shoes,Product_941,71.62,75.39,36
943,Shoes,Product_942,73.27,35.05,334
944,Accessoires,Product_943,137.2,14.68,91
945,Accessoires,Product_944,198.89,39.22,17
946,Accessoires,Product_945,135.75,30.69,353
947,Clothing,Product_946,115.98,85.06,62
948,Accessoires,Product_947,148.82,34.77,149
949,Clothing,Product_948,98.39,79.95,138
950,Shoes,Product_949,21.43,89.73,185
951,Accessoires,Product_950,116.84,46.21,184
952,Clothing,Product_951,191.95,91.44,204
953,Clothing,Product_952,43.31,40.85,259
954,Accessoires,Product_953,141.1,96.59,213
955,Shoes,Product_954,48.18,13.48,255
956,Shoes,Product_955,111.81,70.27,134
957,Shoes,Product_956,28.37,51.91,60
958,Clothing,Product_957,95.57,41.83,362
959,Clothing,Product_958,153.67,65.11,309
960,Clothing,Product_959,76.04,71.87,87
961,Clothing,Product_960,136.33,5.41,323
962,Shoes,Product_961,161.14,20.86,475
963,Accessoires,Product_962,186.16,72.74,206
964,Clothing,Product_963,54.58,68.31,128
965,Clothing,Product_964,85.87,96.77,310
966,Shoes,Product_965,38.96,77.3,2
967,Accessoires,Product_966,198.57,95.32,461
968,Accessoires,Product_967,186.13,71.74,421
969,Shoes,Product_968,112.59,33.31,241
970,Shoes,Product_969,169.99,15.01,120
971,Accessoires,Product_970,108.98,79.27,384
972,Clothing,Product_971,128.48,66.19,101
973,Accessoires,Product_972,26.93,9.58,37
974,Shoes,Product_973,153.5,39.2,340
975,Clothing,Product_974,34.27,95.9,495
976,Clothing,Product_975,166.95,52.54,412
977,Shoes,Product_976,158.59,46.11,132
978,Shoes,Product_977,144.66,48.48,496
979,Shoes,Product_978,16.87,24.84,201
980,Accessoires,Product_979,67.59,40.03,347
981,Accessoires,Product_980,59.99,40.13,20
982,Clothing,Product_981,78.43,9.97,241
983,Shoes,Product_982,26.65,77.92,454
984,Clothing,Product_983,188.02,44.57,450
985,Clothing,Product_984,115.22,83.11,108
986,Clothing,Product_985,68.05,85.78,302
987,Clothing,Product_986,85.43,25.14,83
988,Shoes,Product_987,94.97,67.45,82
989,Clothing,Product_988,124.11,49.87,290
990,Shoes,Product_989,107.98,88.61,451
991,Shoes,Product_990,184.68,25.5,68
992,Accessoires,Product_991,104.42,69.39,128
993,Shoes,Product_992,198.51,62.74,195
994,Accessoires,Product_993,171.77,33.05,139
995,Shoes,Product_994,49.62,17.98,443
996,Shoes,Product_995,186.81,66.91,282
997,Shoes,Product_996,32.11,75.17,311
998,Accessoires,Product_997,165.32,34.98,233
999,Accessoires,Product_998,82.32,66.26,22
1000,Clothing,Product_999,176.82,42.54,152
